Año,Trimestre,Provincia,Accesos TV por suscripción por cada 100 hab,Accesos TV por suscripción por cada 100 hogares
2022,4,Buenos Aires,1.653,"4.883,00"
2022,4,Capital Federal,2.397,"5.844,00"
2022,4,Catamarca,1.282,"5.039,00"
2022,4,Chaco,1.006,"3.765,00"
2022,4,Chubut,1.252,"4.084,00"
2022,4,Córdoba,2.971,"9.705,00"
2022,4,Corrientes,1.209,"4.593,00"
2022,4,Entre Ríos,1.643,"5.496,00"
2022,4,Formosa,1.106,"4.345,00"
2022,4,Jujuy,1.498,"5.857,00"
2022,4,La Pampa,2.313,"7.019,00"
2022,4,La Rioja,596,"224,00"
2022,4,Mendoza,667,"2.391,00"
2022,4,Misiones,1.117,"4.101,00"
2022,4,Neuquén,1.109,"3.724,00"
2022,4,Río Negro,1.382,"4.493,00"
2022,4,Salta,1.479,"6.108,00"
2022,4,San Juan,495,"1.944,00"
2022,4,San Luis,930,"3.249,00"
2022,4,Santa Cruz,952,"3.199,00"
2022,4,Santa Fe,2.125,"6.759,00"
2022,4,Santiago Del Estero,1.533,"6.178,00"
2022,4,Tierra Del Fuego,2.398,"8.091,00"
2022,4,Tucumán,792,"3.198,00"
2022,3,Buenos Aires,1.675,"4.960,00"
2022,3,Capital Federal,2.412,"5.873,00"
2022,3,Catamarca,1.236,"4.858,00"
2022,3,Chaco,990,"3.706,00"
2022,3,Chubut,1.248,"4.073,00"
2022,3,Córdoba,2.970,"9.702,00"
2022,3,Corrientes,1.189,"4.517,00"
2022,3,Entre Ríos,1.636,"5.471,00"
2022,3,Formosa,1.105,"4.342,00"
2022,3,Jujuy,1.477,"5.776,00"
2022,3,La Pampa,2.033,"6.171,00"
2022,3,La Rioja,599,"2.249,00"
2022,3,Mendoza,655,"2.347,00"
2022,3,Misiones,1.107,"4.065,00"
2022,3,Neuquén,1.082,"3.634,00"
2022,3,Río Negro,1.319,"4.288,00"
2022,3,Salta,1.467,"6.058,00"
2022,3,San Juan,492,"1.932,00"
2022,3,San Luis,908,"3.172,00"
2022,3,Santa Cruz,1.092,"3.671,00"
2022,3,Santa Fe,2.111,"6.715,00"
2022,3,Santiago Del Estero,1.511,"6.090,00"
2022,3,Tierra Del Fuego,2.401,"8.100,00"
2022,3,Tucumán,756,"3.052,00"
2022,2,Buenos Aires,1.676,"4.977,00"
2022,2,Capital Federal,2.418,"5.882,00"
2022,2,Catamarca,1.235,"4.855,00"
2022,2,Chaco,995,"3.724,00"
2022,2,Chubut,1.239,"4.043,00"
2022,2,Córdoba,2.977,"9.725,00"
2022,2,Corrientes,1.163,"4.416,00"
2022,2,Entre Ríos,1.632,"5.459,00"
2022,2,Formosa,1.096,"4.307,00"
2022,2,Jujuy,1.428,"5.586,00"
2022,2,La Pampa,2.141,"6.498,00"
2022,2,La Rioja,597,"2.241,00"
2022,2,Mendoza,640,"2.295,00"
2022,2,Misiones,1.107,"4.064,00"
2022,2,Neuquén,1.114,"3.743,00"
2022,2,Río Negro,1.405,"4.567,00"
2022,2,Salta,1.465,"6.050,00"
2022,2,San Juan,469,"1.840,00"
2022,2,San Luis,906,"3.165,00"
2022,2,Santa Cruz,1.097,"3.686,00"
2022,2,Santa Fe,2.091,"6.649,00"
2022,2,Santiago Del Estero,1.489,"6.000,00"
2022,2,Tierra Del Fuego,2.339,"7.889,00"
2022,2,Tucumán,765,"3.089,00"
2022,1,Buenos Aires,1.670,"4.970,00"
2022,1,Capital Federal,2.419,"5.878,00"
2022,1,Catamarca,1.118,"4.397,00"
2022,1,Chaco,978,"3.661,00"
2022,1,Chubut,1.222,"3.988,00"
2022,1,Córdoba,2.941,"9.605,00"
2022,1,Corrientes,1.154,"4.383,00"
2022,1,Entre Ríos,1.629,"5.448,00"
2022,1,Formosa,1.097,"4.310,00"
2022,1,Jujuy,1.401,"5.478,00"
2022,1,La Pampa,2.165,"6.570,00"
2022,1,La Rioja,591,"2.219,00"
2022,1,Mendoza,596,"2.137,00"
2022,1,Misiones,1.088,"3.996,00"
2022,1,Neuquén,1.121,"3.767,00"
2022,1,Río Negro,1.413,"4.594,00"
2022,1,Salta,1.486,"6.135,00"
2022,1,San Juan,434,"1.702,00"
2022,1,San Luis,896,"3.132,00"
2022,1,Santa Cruz,1.098,"3.690,00"
2022,1,Santa Fe,2.078,"6.610,00"
2022,1,Santiago Del Estero,1.463,"5.896,00"
2022,1,Tierra Del Fuego,2.368,"7.988,00"
2022,1,Tucumán,692,"2.793,00"
2021,4,Buenos Aires,1.689,"5.038,00"
2021,4,Capital Federal,2.422,"5.879,00"
2021,4,Catamarca,1.068,"4.201,00"
2021,4,Chaco,961,"3.597,00"
2021,4,Chubut,1.210,"3.948,00"
2021,4,Córdoba,2.933,"9.580,00"
2021,4,Corrientes,1.027,"3.901,00"
2021,4,Entre Ríos,1.634,"5.464,00"
2021,4,Formosa,1.101,"4.327,00"
2021,4,Jujuy,1.384,"5.413,00"
2021,4,La Pampa,2.272,"6.895,00"
2021,4,La Rioja,639,"2.401,00"
2021,4,Mendoza,573,"2.053,00"
2021,4,Misiones,1.090,"4.003,00"
2021,4,Neuquén,1.135,"3.812,00"
2021,4,Río Negro,1.462,"4.753,00"
2021,4,Salta,1.424,"5.879,00"
2021,4,San Juan,422,"1.659,00"
2021,4,San Luis,898,"3.137,00"
2021,4,Santa Cruz,1.102,"3.705,00"
2021,4,Santa Fe,2.089,"6.645,00"
2021,4,Santiago Del Estero,1.923,"7.749,00"
2021,4,Tierra Del Fuego,2.365,"7.976,00"
2021,4,Tucumán,639,"2.579,00"
2021,3,Buenos Aires,1.678,"5.019,00"
2021,3,Capital Federal,2.421,"5.869,00"
2021,3,Catamarca,1.038,"4.080,00"
2021,3,Chaco,949,"3.549,00"
2021,3,Chubut,1.184,"3.864,00"
2021,3,Córdoba,2.906,"9.491,00"
2021,3,Corrientes,1.022,"3.882,00"
2021,3,Entre Ríos,1.742,"5.825,00"
2021,3,Formosa,1.083,"4.257,00"
2021,3,Jujuy,1.382,"5.405,00"
2021,3,La Pampa,2.240,"6.798,00"
2021,3,La Rioja,519,"1.949,00"
2021,3,Mendoza,558,"2.000,00"
2021,3,Misiones,1.100,"4.038,00"
2021,3,Neuquén,1.156,"3.884,00"
2021,3,Río Negro,1.479,"4.808,00"
2021,3,Salta,1.683,"6.951,00"
2021,3,San Juan,430,"1.688,00"
2021,3,San Luis,899,"3.141,00"
2021,3,Santa Cruz,1.123,"3.774,00"
2021,3,Santa Fe,2.312,"7.352,00"
2021,3,Santiago Del Estero,1.926,"7.762,00"
2021,3,Tierra Del Fuego,2.379,"8.026,00"
2021,3,Tucumán,660,"2.664,00"
2021,2,Buenos Aires,1.658,"4.970,00"
2021,2,Capital Federal,2.409,"5.832,00"
2021,2,Catamarca,1.023,"4.020,00"
2021,2,Chaco,965,"3.610,00"
2021,2,Chubut,1.176,"3.837,00"
2021,2,Córdoba,2.827,"9.234,00"
2021,2,Corrientes,997,"3.788,00"
2021,2,Entre Ríos,1.593,"5.329,00"
2021,2,Formosa,994,"3.907,00"
2021,2,Jujuy,1.367,"5.347,00"
2021,2,La Pampa,2.207,"6.700,00"
2021,2,La Rioja,509,"1.913,00"
2021,2,Mendoza,541,"1.939,00"
2021,2,Misiones,1.101,"4.043,00"
2021,2,Neuquén,1.163,"3.907,00"
2021,2,Río Negro,1.468,"4.774,00"
2021,2,Salta,1.357,"5.603,00"
2021,2,San Juan,428,"1.679,00"
2021,2,San Luis,889,"3.105,00"
2021,2,Santa Cruz,1.132,"3.806,00"
2021,2,Santa Fe,1.895,"6.028,00"
2021,2,Santiago Del Estero,1.640,"6.608,00"
2021,2,Tierra Del Fuego,2.377,"8.018,00"
2021,2,Tucumán,666,"2.690,00"
2021,1,Buenos Aires,1.657,"4.978,00"
2021,1,Capital Federal,2.407,"5.822,00"
2021,1,Catamarca,1.023,"4.024,00"
2021,1,Chaco,976,"3.652,00"
2021,1,Chubut,1.169,"3.813,00"
2021,1,Córdoba,2.867,"9.365,00"
2021,1,Corrientes,1.003,"3.810,00"
2021,1,Entre Ríos,1.589,"5.316,00"
2021,1,Formosa,994,"3.906,00"
2021,1,Jujuy,1.376,"5.382,00"
2021,1,La Pampa,2.222,"6.745,00"
2021,1,La Rioja,496,"1.862,00"
2021,1,Mendoza,530,"1.899,00"
2021,1,Misiones,1.087,"3.992,00"
2021,1,Neuquén,1.170,"3.929,00"
2021,1,Río Negro,1.468,"4.774,00"
2021,1,Salta,1.420,"5.863,00"
2021,1,San Juan,431,"1.693,00"
2021,1,San Luis,889,"3.108,00"
2021,1,Santa Cruz,1.190,"4.000,00"
2021,1,Santa Fe,1.933,"6.146,00"
2021,1,Santiago Del Estero,1.620,"6.527,00"
2021,1,Tierra Del Fuego,2.385,"8.043,00"
2021,1,Tucumán,647,"2.612,00"
2020,4,Buenos Aires,1.688,"5.085,00"
2020,4,Capital Federal,2.462,"5.948,00"
2020,4,Catamarca,1.010,"3.970,00"
2020,4,Chaco,976,"3.651,00"
2020,4,Chubut,1.175,"3.834,00"
2020,4,Córdoba,2.842,"9.281,00"
2020,4,Corrientes,994,"3.777,00"
2020,4,Entre Ríos,1.555,"5.201,00"
2020,4,Formosa,981,"3.856,00"
2020,4,Jujuy,1.417,"5.540,00"
2020,4,La Pampa,2.211,"6.711,00"
2020,4,La Rioja,599,"2.250,00"
2020,4,Mendoza,533,"1.909,00"
2020,4,Misiones,1.093,"4.012,00"
2020,4,Neuquén,1.191,"4.000,00"
2020,4,Río Negro,1.484,"4.823,00"
2020,4,Salta,1.424,"5.878,00"
2020,4,San Juan,430,"1.689,00"
2020,4,San Luis,896,"3.132,00"
2020,4,Santa Cruz,1.200,"4.033,00"
2020,4,Santa Fe,1.930,"6.138,00"
2020,4,Santiago Del Estero,940,"3.787,00"
2020,4,Tierra Del Fuego,2.422,"8.171,00"
2020,4,Tucumán,652,"2.634,00"
2020,3,Buenos Aires,1.680,"5.073,00"
2020,3,Capital Federal,2.410,"5.816,00"
2020,3,Catamarca,980,"3.854,00"
2020,3,Chaco,994,"3.719,00"
2020,3,Chubut,1.061,"3.461,00"
2020,3,Córdoba,2.904,"9.486,00"
2020,3,Corrientes,1.016,"3.859,00"
2020,3,Entre Ríos,1.694,"5.666,00"
2020,3,Formosa,993,"3.901,00"
2020,3,Jujuy,1.415,"5.533,00"
2020,3,La Pampa,2.208,"6.701,00"
2020,3,La Rioja,499,"1.874,00"
2020,3,Mendoza,527,"1.887,00"
2020,3,Misiones,1.092,"4.008,00"
2020,3,Neuquén,1.205,"4.047,00"
2020,3,Río Negro,1.501,"4.881,00"
2020,3,Salta,1.428,"5.897,00"
2020,3,San Juan,430,"1.689,00"
2020,3,San Luis,899,"3.141,00"
2020,3,Santa Cruz,1.214,"4.080,00"
2020,3,Santa Fe,1.949,"6.198,00"
2020,3,Santiago Del Estero,935,"3.766,00"
2020,3,Tierra Del Fuego,2.435,"8.213,00"
2020,3,Tucumán,648,"2.618,00"
2020,2,Buenos Aires,1.663,"5.034,00"
2020,2,Capital Federal,2.400,"5.785,00"
2020,2,Catamarca,969,"3.808,00"
2020,2,Chaco,977,"3.656,00"
2020,2,Chubut,1.037,"3.384,00"
2020,2,Córdoba,2.923,"9.546,00"
2020,2,Corrientes,996,"3.781,00"
2020,2,Entre Ríos,1.578,"5.278,00"
2020,2,Formosa,980,"3.852,00"
2020,2,Jujuy,1.269,"4.964,00"
2020,2,La Pampa,2.258,"6.853,00"
2020,2,La Rioja,491,"1.844,00"
2020,2,Mendoza,516,"1.850,00"
2020,2,Misiones,1.128,"4.142,00"
2020,2,Neuquén,1.197,"4.023,00"
2020,2,Río Negro,1.494,"4.858,00"
2020,2,Salta,1.424,"5.879,00"
2020,2,San Juan,424,"1.666,00"
2020,2,San Luis,904,"3.159,00"
2020,2,Santa Cruz,1.198,"4.026,00"
2020,2,Santa Fe,1.903,"6.053,00"
2020,2,Santiago Del Estero,922,"3.714,00"
2020,2,Tierra Del Fuego,2.422,"8.169,00"
2020,2,Tucumán,574,"2.317,00"
2020,1,Buenos Aires,1.690,"5.127,00"
2020,1,Capital Federal,2.412,"5.806,00"
2020,1,Catamarca,950,"3.733,00"
2020,1,Chaco,954,"3.570,00"
2020,1,Chubut,1.095,"3.573,00"
2020,1,Córdoba,2.836,"9.263,00"
2020,1,Corrientes,985,"3.741,00"
2020,1,Entre Ríos,1.596,"5.338,00"
2020,1,Formosa,982,"3.856,00"
2020,1,Jujuy,1.271,"4.972,00"
2020,1,La Pampa,2.235,"6.785,00"
2020,1,La Rioja,481,"1.808,00"
2020,1,Mendoza,520,"1.863,00"
2020,1,Misiones,1.141,"4.188,00"
2020,1,Neuquén,1.185,"3.980,00"
2020,1,Río Negro,1.475,"4.797,00"
2020,1,Salta,1.319,"5.445,00"
2020,1,San Juan,389,"1.528,00"
2020,1,San Luis,941,"3.290,00"
2020,1,Santa Cruz,1.194,"4.014,00"
2020,1,Santa Fe,1.902,"6.049,00"
2020,1,Santiago Del Estero,912,"3.676,00"
2020,1,Tierra Del Fuego,2.412,"8.136,00"
2020,1,Tucumán,654,"2.640,00"
2019,4,Buenos Aires,1.619,"4.923,00"
2019,4,Capital Federal,2.917,"7.013,00"
2019,4,Catamarca,993,"3.903,00"
2019,4,Chaco,955,"3.571,00"
2019,4,Chubut,1.140,"3.720,00"
2019,4,Córdoba,2.979,"9.730,00"
2019,4,Corrientes,984,"3.738,00"
2019,4,Entre Ríos,1.599,"5.348,00"
2019,4,Formosa,982,"3.859,00"
2019,4,Jujuy,1.242,"4.855,00"
2019,4,La Pampa,2.272,"6.897,00"
2019,4,La Rioja,486,"1.826,00"
2019,4,Mendoza,517,"1.854,00"
2019,4,Misiones,1.153,"4.232,00"
2019,4,Neuquén,1.165,"3.915,00"
2019,4,Río Negro,1.490,"4.846,00"
2019,4,Salta,1.338,"5.523,00"
2019,4,San Juan,380,"1.493,00"
2019,4,San Luis,960,"3.353,00"
2019,4,Santa Cruz,1.331,"4.472,00"
2019,4,Santa Fe,1.869,"5.945,00"
2019,4,Santiago Del Estero,924,"3.724,00"
2019,4,Tierra Del Fuego,2.432,"8.203,00"
2019,4,Tucumán,674,"2.721,00"
2019,3,Buenos Aires,1.574,"4.795,00"
2019,3,Capital Federal,2.807,"6.741,00"
2019,3,Catamarca,990,"3.892,00"
2019,3,Chaco,934,"3.493,00"
2019,3,Chubut,1.152,"3.757,00"
2019,3,Córdoba,2.961,"9.672,00"
2019,3,Corrientes,980,"3.721,00"
2019,3,Entre Ríos,1.573,"5.261,00"
2019,3,Formosa,983,"3.861,00"
2019,3,Jujuy,1.197,"4.681,00"
2019,3,La Pampa,2.321,"7.043,00"
2019,3,La Rioja,516,"1.939,00"
2019,3,Mendoza,527,"1.887,00"
2019,3,Misiones,1.148,"4.216,00"
2019,3,Neuquén,1.178,"3.958,00"
2019,3,Río Negro,1.507,"4.900,00"
2019,3,Salta,1.337,"5.520,00"
2019,3,San Juan,398,"1.561,00"
2019,3,San Luis,985,"3.442,00"
2019,3,Santa Cruz,1.342,"4.511,00"
2019,3,Santa Fe,1.866,"5.934,00"
2019,3,Santiago Del Estero,924,"3.725,00"
2019,3,Tierra Del Fuego,2.523,"8.510,00"
2019,3,Tucumán,655,"2.644,00"
2019,2,Buenos Aires,1.548,"4.728,00"
2019,2,Capital Federal,2.639,"6.329,00"
2019,2,Catamarca,804,"3.161,00"
2019,2,Chaco,911,"3.408,00"
2019,2,Chubut,1.442,"4.705,00"
2019,2,Córdoba,2.860,"9.342,00"
2019,2,Corrientes,976,"3.708,00"
2019,2,Entre Ríos,1.542,"5.158,00"
2019,2,Formosa,1.019,"4.003,00"
2019,2,Jujuy,1.162,"4.546,00"
2019,2,La Pampa,2.340,"7.103,00"
2019,2,La Rioja,667,"2.507,00"
2019,2,Mendoza,710,"2.543,00"
2019,2,Misiones,1.135,"4.168,00"
2019,2,Neuquén,1.209,"4.062,00"
2019,2,Río Negro,1.475,"4.794,00"
2019,2,Salta,1.320,"5.451,00"
2019,2,San Juan,561,"2.204,00"
2019,2,San Luis,1.068,"3.732,00"
2019,2,Santa Cruz,1.476,"4.961,00"
2019,2,Santa Fe,1.720,"5.469,00"
2019,2,Santiago Del Estero,1.126,"4.538,00"
2019,2,Tierra Del Fuego,2.713,"9.152,00"
2019,2,Tucumán,702,"2.835,00"
2019,1,Buenos Aires,1.552,"4.751,00"
2019,1,Capital Federal,2.570,"6.157,00"
2019,1,Catamarca,807,"3.171,00"
2019,1,Chaco,901,"3.371,00"
2019,1,Chubut,1.498,"4.887,00"
2019,1,Córdoba,2.850,"9.309,00"
2019,1,Corrientes,915,"3.475,00"
2019,1,Entre Ríos,1.536,"5.136,00"
2019,1,Formosa,948,"3.724,00"
2019,1,Jujuy,1.157,"4.525,00"
2019,1,La Pampa,2.295,"6.967,00"
2019,1,La Rioja,671,"2.519,00"
2019,1,Mendoza,716,"2.565,00"
2019,1,Misiones,1.107,"4.064,00"
2019,1,Neuquén,1.226,"4.120,00"
2019,1,Río Negro,1.226,"3.987,00"
2019,1,Salta,1.248,"5.151,00"
2019,1,San Juan,572,"2.247,00"
2019,1,San Luis,1.071,"3.744,00"
2019,1,Santa Cruz,1.607,"5.401,00"
2019,1,Santa Fe,1.714,"5.452,00"
2019,1,Santiago Del Estero,1.132,"4.561,00"
2019,1,Tierra Del Fuego,2.733,"9.218,00"
2019,1,Tucumán,711,"2.871,00"
2018,4,Buenos Aires,1.547,"4.745,00"
2018,4,Capital Federal,2.446,"5.854,00"
2018,4,Catamarca,819,"3.219,00"
2018,4,Chaco,843,"3.154,00"
2018,4,Chubut,1.503,"4.904,00"
2018,4,Córdoba,2.856,"9.329,00"
2018,4,Corrientes,925,"3.513,00"
2018,4,Entre Ríos,1.525,"5.100,00"
2018,4,Formosa,986,"3.873,00"
2018,4,Jujuy,1.303,"5.096,00"
2018,4,La Pampa,2.302,"6.986,00"
2018,4,La Rioja,645,"2.421,00"
2018,4,Mendoza,600,"2.148,00"
2018,4,Misiones,1.112,"4.084,00"
2018,4,Neuquén,1.230,"4.133,00"
2018,4,Río Negro,1.246,"4.050,00"
2018,4,Salta,1.267,"5.230,00"
2018,4,San Juan,568,"2.229,00"
2018,4,San Luis,1.107,"3.870,00"
2018,4,Santa Cruz,1.621,"5.446,00"
2018,4,Santa Fe,1.715,"5.455,00"
2018,4,Santiago Del Estero,1.093,"4.406,00"
2018,4,Tierra Del Fuego,2.770,"9.344,00"
2018,4,Tucumán,754,"3.044,00"
2018,3,Buenos Aires,1.566,"4.816,00"
2018,3,Capital Federal,2.462,"5.884,00"
2018,3,Catamarca,2.035,"8.000,00"
2018,3,Chaco,839,"3.138,00"
2018,3,Chubut,1.497,"4.885,00"
2018,3,Córdoba,2.919,"9.533,00"
2018,3,Corrientes,918,"3.485,00"
2018,3,Entre Ríos,1.519,"5.081,00"
2018,3,Formosa,1.005,"3.948,00"
2018,3,Jujuy,1.215,"4.751,00"
2018,3,La Pampa,2.359,"7.161,00"
2018,3,La Rioja,625,"2.349,00"
2018,3,Mendoza,602,"2.156,00"
2018,3,Misiones,1.095,"4.022,00"
2018,3,Neuquén,1.240,"4.166,00"
2018,3,Río Negro,1.304,"4.240,00"
2018,3,Salta,1.265,"5.222,00"
2018,3,San Juan,589,"2.310,00"
2018,3,San Luis,1.113,"3.890,00"
2018,3,Santa Cruz,1.626,"5.466,00"
2018,3,Santa Fe,1.809,"5.753,00"
2018,3,Santiago Del Estero,1.134,"4.570,00"
2018,3,Tierra Del Fuego,2.795,"9.426,00"
2018,3,Tucumán,759,"3.064,00"
2018,2,Buenos Aires,1.550,"4.776,00"
2018,2,Capital Federal,2.421,"5.779,00"
2018,2,Catamarca,1.925,"7.566,00"
2018,2,Chaco,920,"3.441,00"
2018,2,Chubut,1.251,"4.080,00"
2018,2,Córdoba,3.028,"9.889,00"
2018,2,Corrientes,912,"3.464,00"
2018,2,Entre Ríos,1.554,"5.197,00"
2018,2,Formosa,875,"3.439,00"
2018,2,Jujuy,1.194,"4.668,00"
2018,2,La Pampa,2.344,"7.115,00"
2018,2,La Rioja,597,"2.244,00"
2018,2,Mendoza,458,"1.640,00"
2018,2,Misiones,1.095,"4.022,00"
2018,2,Neuquén,1.219,"4.096,00"
2018,2,Río Negro,1.205,"3.917,00"
2018,2,Salta,1.219,"5.031,00"
2018,2,San Juan,627,"2.463,00"
2018,2,San Luis,1.156,"4.040,00"
2018,2,Santa Cruz,1.538,"5.168,00"
2018,2,Santa Fe,1.769,"5.625,00"
2018,2,Santiago Del Estero,1.007,"4.056,00"
2018,2,Tierra Del Fuego,2.497,"8.420,00"
2018,2,Tucumán,720,"2.907,00"
2018,1,Buenos Aires,1.549,"4.783,00"
2018,1,Capital Federal,2.418,"5.764,00"
2018,1,Catamarca,2.187,"8.599,00"
2018,1,Chaco,933,"3.490,00"
2018,1,Chubut,1.224,"3.993,00"
2018,1,Córdoba,3.009,"9.826,00"
2018,1,Corrientes,964,"3.662,00"
2018,1,Entre Ríos,1.551,"5.187,00"
2018,1,Formosa,885,"3.477,00"
2018,1,Jujuy,1.181,"4.616,00"
2018,1,La Pampa,2.386,"7.241,00"
2018,1,La Rioja,623,"2.339,00"
2018,1,Mendoza,455,"1.630,00"
2018,1,Misiones,1.094,"4.015,00"
2018,1,Neuquén,1.197,"4.020,00"
2018,1,Río Negro,1.241,"4.036,00"
2018,1,Salta,1.269,"5.240,00"
2018,1,San Juan,492,"1.930,00"
2018,1,San Luis,1.256,"4.387,00"
2018,1,Santa Cruz,1.543,"5.184,00"
2018,1,Santa Fe,1.796,"5.710,00"
2018,1,Santiago Del Estero,1.009,"4.067,00"
2018,1,Tierra Del Fuego,2.464,"8.312,00"
2018,1,Tucumán,714,"2.881,00"
2017,4,Buenos Aires,1.554,"4.810,00"
2017,4,Capital Federal,2.415,"5.750,00"
2017,4,Catamarca,724,"2.846,00"
2017,4,Chaco,864,"3.234,00"
2017,4,Chubut,1.200,"3.913,00"
2017,4,Córdoba,2.842,"9.284,00"
2017,4,Corrientes,966,"3.670,00"
2017,4,Entre Ríos,1.549,"5.181,00"
2017,4,Formosa,829,"3.257,00"
2017,4,Jujuy,1.162,"4.543,00"
2017,4,La Pampa,2.398,"7.278,00"
2017,4,La Rioja,624,"2.342,00"
2017,4,Mendoza,588,"2.108,00"
2017,4,Misiones,1.090,"4.001,00"
2017,4,Neuquén,1.203,"4.041,00"
2017,4,Río Negro,1.257,"4.087,00"
2017,4,Salta,1.281,"5.287,00"
2017,4,San Juan,520,"2.041,00"
2017,4,San Luis,1.274,"4.452,00"
2017,4,Santa Cruz,1.467,"4.929,00"
2017,4,Santa Fe,1.815,"5.772,00"
2017,4,Santiago del Estero,1.011,"4.076,00"
2017,4,Tierra del Fuego,2.467,"8.320,00"
2017,4,Tucumán,715,"2.885,00"
2017,3,Buenos Aires,1.511,"4.679,00"
2017,3,Capital Federal,2.310,"5.492,00"
2017,3,Catamarca,1.008,"3.957,00"
2017,3,Chaco,773,"2.887,00"
2017,3,Chubut,1.193,"3.881,00"
2017,3,Córdoba,2.810,"9.161,00"
2017,3,Corrientes,859,"3.258,00"
2017,3,Entre Ríos,1.227,"4.098,00"
2017,3,Formosa,837,"3.284,00"
2017,3,Jujuy,1.136,"4.434,00"
2017,3,La Pampa,2.854,"8.650,00"
2017,3,La Rioja,634,"2.376,00"
2017,3,Mendoza,590,"2.109,00"
2017,3,Misiones,1.027,"3.761,00"
2017,3,Neuquén,1.724,"5.779,00"
2017,3,Río Negro,806,"2.613,00"
2017,3,Salta,1.860,"7.663,00"
2017,3,San Juan,523,"2.049,00"
2017,3,San Luis,1.280,"4.462,00"
2017,3,Santa Cruz,1.416,"4.736,00"
2017,3,Santa Fe,1.783,"5.664,00"
2017,3,Santiago del Estero,1.033,"4.154,00"
2017,3,Tierra del Fuego,2.484,"8.342,00"
2017,3,Tucumán,1.099,"4.427,00"
2017,2,Buenos Aires,1.517,"4.717,00"
2017,2,Capital Federal,2.314,"5.496,00"
2017,2,Catamarca,1.001,"3.935,00"
2017,2,Chaco,784,"2.932,00"
2017,2,Chubut,1.238,"4.037,00"
2017,2,Córdoba,2.800,"9.143,00"
2017,2,Corrientes,853,"3.241,00"
2017,2,Entre Ríos,1.207,"4.036,00"
2017,2,Formosa,812,"3.192,00"
2017,2,Jujuy,1.136,"4.442,00"
2017,2,La Pampa,2.845,"8.633,00"
2017,2,La Rioja,639,"2.399,00"
2017,2,Mendoza,588,"2.106,00"
2017,2,Misiones,1.010,"3.709,00"
2017,2,Neuquén,1.737,"5.835,00"
2017,2,Río Negro,811,"2.638,00"
2017,2,Salta,1.873,"7.734,00"
2017,2,San Juan,538,"2.111,00"
2017,2,San Luis,1.123,"3.925,00"
2017,2,Santa Cruz,1.484,"4.988,00"
2017,2,Santa Fe,1.793,"5.703,00"
2017,2,Santiago del Estero,1.026,"4.135,00"
2017,2,Tierra del Fuego,2.425,"8.179,00"
2017,2,Tucumán,1.098,"4.432,00"
2017,1,Buenos Aires,1.523,"4.743,00"
2017,1,Capital Federal,2.329,"5.524,00"
2017,1,Catamarca,736,"2.891,00"
2017,1,Chaco,757,"2.832,00"
2017,1,Chubut,1.246,"4.065,00"
2017,1,Córdoba,2.816,"9.197,00"
2017,1,Corrientes,858,"3.259,00"
2017,1,Entre Ríos,1.195,"3.998,00"
2017,1,Formosa,828,"3.253,00"
2017,1,Jujuy,1.133,"4.431,00"
2017,1,La Pampa,2.934,"8.904,00"
2017,1,La Rioja,649,"2.437,00"
2017,1,Mendoza,607,"2.176,00"
2017,1,Misiones,1.016,"3.730,00"
2017,1,Neuquén,1.745,"5.861,00"
2017,1,Río Negro,734,"2.385,00"
2017,1,Salta,1.252,"5.167,00"
2017,1,San Juan,576,"2.260,00"
2017,1,San Luis,1.172,"4.096,00"
2017,1,Santa Cruz,1.500,"5.040,00"
2017,1,Santa Fe,1.750,"5.565,00"
2017,1,Santiago del Estero,1.033,"4.161,00"
2017,1,Tierra del Fuego,2.431,"8.197,00"
2017,1,Tucumán,769,"3.105,00"
2016,4,Buenos Aires,1.506,"4.941,00"
2016,4,Capital Federal,2.329,"6.133,00"
2016,4,Catamarca,752,"2.958,00"
2016,4,Chaco,765,"2.863,00"
2016,4,Chubut,1.259,"4.114,00"
2016,4,Córdoba,2.798,"9.148,00"
2016,4,Corrientes,865,"3.288,00"
2016,4,Entre Ríos,1.168,"3.911,00"
2016,4,Formosa,792,"3.113,00"
2016,4,Jujuy,1.110,"4.344,00"
2016,4,La Pampa,2.905,"8.824,00"
2016,4,La Rioja,690,"2.594,00"
2016,4,Mendoza,613,"2.200,00"
2016,4,Misiones,1.023,"3.760,00"
2016,4,Neuquén,1.762,"5.926,00"
2016,4,Río Negro,762,"2.480,00"
2016,4,Salta,1.279,"5.287,00"
2016,4,San Juan,533,"2.095,00"
2016,4,San Luis,1.125,"3.937,00"
2016,4,Santa Cruz,1.545,"5.204,00"
2016,4,Santa Fe,1.801,"5.733,00"
2016,4,Santiago del Estero,1.045,"4.214,00"
2016,4,Tierra del Fuego,2.473,"8.359,00"
2016,4,Tucumán,770,"3.111,00"
2016,3,Buenos Aires,1.497,"4.912,00"
2016,3,Capital Federal,2.343,"6.170,00"
2016,3,Catamarca,743,"2.922,00"
2016,3,Chaco,780,"2.922,00"
2016,3,Chubut,1.259,"4.112,00"
2016,3,Córdoba,2.804,"9.166,00"
2016,3,Corrientes,859,"3.263,00"
2016,3,Entre Ríos,1.165,"3.900,00"
2016,3,Formosa,793,"3.119,00"
2016,3,Jujuy,1.148,"4.493,00"
2016,3,La Pampa,2.625,"7.973,00"
2016,3,La Rioja,660,"2.481,00"
2016,3,Mendoza,610,"2.188,00"
2016,3,Misiones,1.017,"3.738,00"
2016,3,Neuquén,1.764,"5.931,00"
2016,3,Río Negro,769,"2.503,00"
2016,3,Salta,1.276,"5.273,00"
2016,3,San Juan,567,"2.227,00"
2016,3,San Luis,1.120,"3.918,00"
2016,3,Santa Cruz,1.554,"5.232,00"
2016,3,Santa Fe,1.794,"5.710,00"
2016,3,Santiago del Estero,1.056,"4.259,00"
2016,3,Tierra del Fuego,2.466,"8.334,00"
2016,3,Tucumán,777,"3.140,00"
2016,2,Buenos Aires,1.494,"4.904,00"
2016,2,Capital Federal,2.347,"6.180,00"
2016,2,Catamarca,740,"2.910,00"
2016,2,Chaco,816,"3.056,00"
2016,2,Chubut,1.261,"4.120,00"
2016,2,Córdoba,2.788,"9.115,00"
2016,2,Corrientes,858,"3.261,00"
2016,2,Entre Ríos,1.162,"3.890,00"
2016,2,Formosa,793,"3.119,00"
2016,2,Jujuy,1.158,"4.533,00"
2016,2,La Pampa,2.590,"7.865,00"
2016,2,La Rioja,654,"2.459,00"
2016,2,Mendoza,609,"2.185,00"
2016,2,Misiones,1.015,"3.731,00"
2016,2,Neuquén,1.765,"5.937,00"
2016,2,Río Negro,772,"2.514,00"
2016,2,Salta,1.290,"5.330,00"
2016,2,San Juan,567,"2.230,00"
2016,2,San Luis,1.118,"3.910,00"
2016,2,Santa Cruz,1.570,"5.286,00"
2016,2,Santa Fe,1.796,"5.715,00"
2016,2,Santiago del Estero,1.056,"4.259,00"
2016,2,Tierra del Fuego,2.433,"8.224,00"
2016,2,Tucumán,773,"3.123,00"
2016,1,Buenos Aires,1.486,"4.877,00"
2016,1,Capital Federal,2.354,"6.198,00"
2016,1,Catamarca,729,"2.868,00"
2016,1,Chaco,791,"2.961,00"
2016,1,Chubut,1.182,"3.861,00"
2016,1,Córdoba,2.770,"9.054,00"
2016,1,Corrientes,855,"3.250,00"
2016,1,Entre Ríos,1.156,"3.869,00"
2016,1,Formosa,793,"3.118,00"
2016,1,Jujuy,1.152,"4.509,00"
2016,1,La Pampa,2.588,"7.861,00"
2016,1,La Rioja,650,"2.443,00"
2016,1,Mendoza,609,"2.185,00"
2016,1,Misiones,1.005,"3.694,00"
2016,1,Neuquén,1.766,"5.938,00"
2016,1,Río Negro,775,"2.521,00"
2016,1,Salta,1.261,"5.213,00"
2016,1,San Juan,565,"2.219,00"
2016,1,San Luis,1.139,"3.983,00"
2016,1,Santa Cruz,1.652,"5.562,00"
2016,1,Santa Fe,1.783,"5.674,00"
2016,1,Santiago del Estero,1.054,"4.251,00"
2016,1,Tierra del Fuego,2.484,"8.395,00"
2016,1,Tucumán,801,"3.235,00"
2015,4,Buenos Aires,1.504,"4.934,00"
2015,4,Capital Federal,2.347,"6.180,00"
2015,4,Catamarca,740,"2.910,00"
2015,4,Chaco,794,"2.975,00"
2015,4,Chubut,1.214,"3.967,00"
2015,4,Córdoba,2.787,"9.111,00"
2015,4,Corrientes,882,"3.352,00"
2015,4,Entre Ríos,1.169,"3.912,00"
2015,4,Formosa,801,"3.148,00"
2015,4,Jujuy,1.190,"4.657,00"
2015,4,La Pampa,2.541,"7.717,00"
2015,4,La Rioja,684,"2.572,00"
2015,4,Mendoza,620,"2.223,00"
2015,4,Misiones,1.002,"3.683,00"
2015,4,Neuquén,1.793,"6.029,00"
2015,4,Río Negro,809,"2.633,00"
2015,4,Salta,1.297,"5.361,00"
2015,4,San Juan,599,"2.352,00"
2015,4,San Luis,1.145,"4.004,00"
2015,4,Santa Cruz,1.716,"5.780,00"
2015,4,Santa Fe,1.806,"5.746,00"
2015,4,Santiago del Estero,1.077,"4.342,00"
2015,4,Tierra del Fuego,2.474,"8.362,00"
2015,4,Tucumán,786,"3.176,00"
2015,3,Buenos Aires,1.504,"4.936,00"
2015,3,Capital Federal,2.344,"6.171,00"
2015,3,Catamarca,733,"2.883,00"
2015,3,Chaco,811,"3.037,00"
2015,3,Chubut,1.214,"3.966,00"
2015,3,Córdoba,2.764,"9.037,00"
2015,3,Corrientes,863,"3.280,00"
2015,3,Entre Ríos,1.163,"3.891,00"
2015,3,Formosa,801,"3.150,00"
2015,3,Jujuy,1.179,"4.613,00"
2015,3,La Pampa,2.510,"7.623,00"
2015,3,La Rioja,701,"2.636,00"
2015,3,Mendoza,623,"2.235,00"
2015,3,Misiones,996,"3.662,00"
2015,3,Neuquén,1.796,"6.040,00"
2015,3,Río Negro,817,"2.660,00"
2015,3,Salta,1.277,"5.279,00"
2015,3,San Juan,590,"2.317,00"
2015,3,San Luis,1.149,"4.019,00"
2015,3,Santa Cruz,1.715,"5.776,00"
2015,3,Santa Fe,1.806,"5.746,00"
2015,3,Santiago del Estero,1.073,"4.328,00"
2015,3,Tierra del Fuego,2.433,"8.222,00"
2015,3,Tucumán,770,"3.112,00"
2015,2,Buenos Aires,1.514,"4.969,00"
2015,2,Capital Federal,2.270,"5.977,00"
2015,2,Catamarca,719,"2.827,00"
2015,2,Chaco,800,"2.995,00"
2015,2,Chubut,1.213,"3.962,00"
2015,2,Córdoba,2.744,"8.971,00"
2015,2,Corrientes,856,"3.254,00"
2015,2,Entre Ríos,1.165,"3.898,00"
2015,2,Formosa,800,"3.146,00"
2015,2,Jujuy,1.148,"4.492,00"
2015,2,La Pampa,2.416,"7.338,00"
2015,2,La Rioja,691,"2.598,00"
2015,2,Mendoza,619,"2.220,00"
2015,2,Misiones,978,"3.593,00"
2015,2,Neuquén,1.795,"6.036,00"
2015,2,Río Negro,833,"2.710,00"
2015,2,Salta,1.269,"5.244,00"
2015,2,San Juan,590,"2.316,00"
2015,2,San Luis,1.166,"4.080,00"
2015,2,Santa Cruz,1.690,"5.691,00"
2015,2,Santa Fe,1.800,"5.728,00"
2015,2,Santiago del Estero,1.064,"4.289,00"
2015,2,Tierra del Fuego,2.367,"8.001,00"
2015,2,Tucumán,763,"3.082,00"
2015,1,Buenos Aires,1.502,"4.929,00"
2015,1,Capital Federal,2.260,"5.950,00"
2015,1,Catamarca,708,"2.785,00"
2015,1,Chaco,801,"3.001,00"
2015,1,Chubut,1.209,"3.951,00"
2015,1,Córdoba,2.732,"8.931,00"
2015,1,Corrientes,845,"3.210,00"
2015,1,Entre Ríos,1.150,"3.850,00"
2015,1,Formosa,800,"3.144,00"
2015,1,Jujuy,1.100,"4.305,00"
2015,1,La Pampa,2.370,"7.197,00"
2015,1,La Rioja,695,"2.613,00"
2015,1,Mendoza,614,"2.202,00"
2015,1,Misiones,961,"3.531,00"
2015,1,Neuquén,1.794,"6.033,00"
2015,1,Río Negro,823,"2.678,00"
2015,1,Salta,1.262,"5.215,00"
2015,1,San Juan,595,"2.336,00"
2015,1,San Luis,1.167,"4.083,00"
2015,1,Santa Cruz,1.701,"5.729,00"
2015,1,Santa Fe,1.779,"5.660,00"
2015,1,Santiago del Estero,1.059,"4.269,00"
2015,1,Tierra del Fuego,2.324,"7.855,00"
2015,1,Tucumán,749,"3.027,00"
2014,4,Buenos Aires,1.513,"4.965,00"
2014,4,Capital Federal,2.264,"5.962,00"
2014,4,Catamarca,719,"2.827,00"
2014,4,Chaco,805,"3.014,00"
2014,4,Chubut,1.229,"4.015,00"
2014,4,Córdoba,2.767,"9.044,00"
2014,4,Corrientes,861,"3.271,00"
2014,4,Entre Ríos,1.161,"3.885,00"
2014,4,Formosa,812,"3.192,00"
2014,4,Jujuy,1.103,"4.319,00"
2014,4,La Pampa,2.346,"7.125,00"
2014,4,La Rioja,726,"2.731,00"
2014,4,Mendoza,623,"2.235,00"
2014,4,Misiones,959,"3.523,00"
2014,4,Neuquén,2.535,"8.526,00"
2014,4,Río Negro,843,"2.743,00"
2014,4,Salta,1.269,"5.245,00"
2014,4,San Juan,588,"2.312,00"
2014,4,San Luis,1.177,"4.116,00"
2014,4,Santa Cruz,1.413,"4.759,00"
2014,4,Santa Fe,1.935,"6.159,00"
2014,4,Santiago del Estero,1.071,"4.319,00"
2014,4,Tierra del Fuego,2.345,"7.926,00"
2014,4,Tucumán,763,"3.085,00"
2014,3,Buenos Aires,1.505,"4.938,00"
2014,3,Capital Federal,2.261,"5.953,00"
2014,3,Catamarca,701,"2.757,00"
2014,3,Chaco,757,"2.835,00"
2014,3,Chubut,1.231,"4.021,00"
2014,3,Córdoba,2.765,"9.040,00"
2014,3,Corrientes,847,"3.220,00"
2014,3,Entre Ríos,1.151,"3.853,00"
2014,3,Formosa,809,"3.181,00"
2014,3,Jujuy,1.029,"4.027,00"
2014,3,La Pampa,2.293,"6.963,00"
2014,3,La Rioja,678,"2.551,00"
2014,3,Mendoza,627,"2.250,00"
2014,3,Misiones,986,"3.624,00"
2014,3,Neuquén,2.536,"8.528,00"
2014,3,Río Negro,844,"2.748,00"
2014,3,Salta,1.268,"5.240,00"
2014,3,San Juan,585,"2.300,00"
2014,3,San Luis,1.167,"4.081,00"
2014,3,Santa Cruz,1.404,"4.728,00"
2014,3,Santa Fe,1.941,"6.177,00"
2014,3,Santiago del Estero,1.065,"4.295,00"
2014,3,Tierra del Fuego,2.364,"7.991,00"
2014,3,Tucumán,761,"3.077,00"
2014,2,Buenos Aires,1.504,"4.935,00"
2014,2,Capital Federal,2.270,"5.978,00"
2014,2,Catamarca,697,"2.740,00"
2014,2,Chaco,758,"2.839,00"
2014,2,Chubut,1.233,"4.027,00"
2014,2,Córdoba,2.761,"9.025,00"
2014,2,Corrientes,834,"3.171,00"
2014,2,Entre Ríos,1.132,"3.790,00"
2014,2,Formosa,811,"3.190,00"
2014,2,Jujuy,1.001,"3.919,00"
2014,2,La Pampa,2.258,"6.857,00"
2014,2,La Rioja,691,"2.600,00"
2014,2,Mendoza,624,"2.238,00"
2014,2,Misiones,974,"3.578,00"
2014,2,Neuquén,2.535,"8.526,00"
2014,2,Río Negro,843,"2.745,00"
2014,2,Salta,1.263,"5.219,00"
2014,2,San Juan,577,"2.267,00"
2014,2,San Luis,1.185,"4.146,00"
2014,2,Santa Cruz,1.495,"5.033,00"
2014,2,Santa Fe,1.929,"6.140,00"
2014,2,Santiago del Estero,1.055,"4.254,00"
2014,2,Tierra del Fuego,2.344,"7.922,00"
2014,2,Tucumán,764,"3.088,00"
2014,1,Buenos Aires,1.434,"4.707,00"
2014,1,Capital Federal,2.268,"5.971,00"
2014,1,Catamarca,464,"1.825,00"
2014,1,Chaco,779,"2.918,00"
2014,1,Chubut,1.234,"4.033,00"
2014,1,Córdoba,1.448,"4.734,00"
2014,1,Corrientes,576,"2.189,00"
2014,1,Entre Ríos,834,"2.792,00"
2014,1,Formosa,523,"2.056,00"
2014,1,Jujuy,898,"3.513,00"
2014,1,La Pampa,1.994,"6.056,00"
2014,1,La Rioja,692,"2.604,00"
2014,1,Mendoza,574,"2.058,00"
2014,1,Misiones,845,"3.104,00"
2014,1,Neuquén,1.734,"5.831,00"
2014,1,Río Negro,583,"1.896,00"
2014,1,Salta,936,"3.871,00"
2014,1,San Juan,575,"2.260,00"
2014,1,San Luis,359,"1.256,00"
2014,1,Santa Cruz,679,"2.285,00"
2014,1,Santa Fe,1.622,"5.162,00"
2014,1,Santiago del Estero,1.013,"4.084,00"
2014,1,Tierra del Fuego,2.017,"6.818,00"
2014,1,Tucumán,710,"2.867,00"
